{"total_true_KL": 0.0008395044922643669, "total_dat_KL": 0.0015993941253010218, "true_KL_P(V)": 0.0008395044922643669, "dat_KL_P(V)": 0.0015993941253010218}