{"total_true_KL": 0.0063425695428741095, "total_dat_KL": 0.005522506870059242, "true_KL_P(V)": 0.0063425695428741095, "dat_KL_P(V)": 0.005522506870059242}