{"total_true_KL": 0.003550057686933651, "total_dat_KL": 0.003188225290334048, "true_KL_P(V)": 0.003550057686933651, "dat_KL_P(V)": 0.003188225290334048}