{"total_true_KL": 0.0007120979826413451, "total_dat_KL": 0.0006344097323595713, "true_KL_P(V)": 0.0007120979826413451, "dat_KL_P(V)": 0.0006344097323595713}