{"total_true_KL": 0.005526019624454563, "total_dat_KL": 0.006565473447166235, "true_KL_P(V)": 0.005526019624454563, "dat_KL_P(V)": 0.006565473447166235}