{"total_true_KL": 0.003423019808939084, "total_dat_KL": 0.003123628541181711, "true_KL_P(V)": 0.003423019808939084, "dat_KL_P(V)": 0.003123628541181711}