{"total_true_KL": 0.010692373322319999, "total_dat_KL": 0.008160120345990993, "true_KL_P(V)": 0.010692373322319999, "dat_KL_P(V)": 0.008160120345990993}