{"total_true_KL": 0.07100199912412342, "total_dat_KL": 0.07957033606417434, "true_KL_P(V)": 0.07100199912412342, "dat_KL_P(V)": 0.07957033606417434}