{"total_true_KL": 0.0020642539488692022, "total_dat_KL": 0.001885550394572796, "true_KL_P(V)": 0.0020642539488692022, "dat_KL_P(V)": 0.001885550394572796}