{"total_true_KL": 0.002405148272932918, "total_dat_KL": 0.002300139674628298, "true_KL_P(V)": 0.002405148272932918, "dat_KL_P(V)": 0.002300139674628298}