{"total_true_KL": 0.001354996094776191, "total_dat_KL": 0.0014003883573059745, "true_KL_P(V)": 0.001354996094776191, "dat_KL_P(V)": 0.0014003883573059745}