{"total_true_KL": 0.006979328578188705, "total_dat_KL": 0.006987263685970087, "true_KL_P(V)": 0.006979328578188705, "dat_KL_P(V)": 0.006987263685970087}