{"total_true_KL": 0.00027451863945923737, "total_dat_KL": 0.00021732706957178867, "true_KL_P(V)": 0.00027451863945923737, "dat_KL_P(V)": 0.00021732706957178867}