{"total_true_KL": 0.0009900156729824537, "total_dat_KL": 0.0004942222019916926, "true_KL_P(V)": 0.0009900156729824537, "dat_KL_P(V)": 0.0004942222019916926}