{"total_true_KL": 0.008067399689402996, "total_dat_KL": 0.008119744245928998, "true_KL_P(V)": 0.008067399689402996, "dat_KL_P(V)": 0.008119744245928998}