{"total_true_KL": 0.0712477136385037, "total_dat_KL": 0.07421867855689909, "true_KL_P(V)": 0.0712477136385037, "dat_KL_P(V)": 0.07421867855689909}