{"total_true_KL": 0.0020547475356437247, "total_dat_KL": 0.0016222972620183514, "true_KL_P(V)": 0.0020547475356437247, "dat_KL_P(V)": 0.0016222972620183514}