{"total_true_KL": 0.0035952467310452225, "total_dat_KL": 0.0035545553108251625, "true_KL_P(V)": 0.0035952467310452225, "dat_KL_P(V)": 0.0035545553108251625}