{"total_true_KL": 0.004527504758775839, "total_dat_KL": 0.0031384857692281637, "true_KL_P(V)": 0.004527504758775839, "dat_KL_P(V)": 0.0031384857692281637}