{"total_true_KL": 0.010578962479295028, "total_dat_KL": 0.009872774020161644, "true_KL_P(V)": 0.010578962479295028, "dat_KL_P(V)": 0.009872774020161644}