{"total_true_KL": 0.01385731367925274, "total_dat_KL": 0.013512172956543066, "true_KL_P(V)": 0.01385731367925274, "dat_KL_P(V)": 0.013512172956543066}