{"total_true_KL": 0.0021908613550272195, "total_dat_KL": 0.0013949842990826859, "true_KL_P(V)": 0.0021908613550272195, "dat_KL_P(V)": 0.0013949842990826859}