{"total_true_KL": 0.0005674058595036982, "total_dat_KL": 0.0003476575010596776, "true_KL_P(V)": 0.0005674058595036982, "dat_KL_P(V)": 0.0003476575010596776}