{"total_true_KL": 0.001008064229828005, "total_dat_KL": 0.0009080819835031902, "true_KL_P(V)": 0.001008064229828005, "dat_KL_P(V)": 0.0009080819835031902}