{"total_true_KL": 0.0004195376132503249, "total_dat_KL": 0.0002000711085091032, "true_KL_P(V)": 0.0004195376132503249, "dat_KL_P(V)": 0.0002000711085091032}