{"total_true_KL": 0.00705532616364747, "total_dat_KL": 0.006804092067541843, "true_KL_P(V)": 0.00705532616364747, "dat_KL_P(V)": 0.006804092067541843}