{"total_true_KL": 0.0009158089088344232, "total_dat_KL": 0.0006035543159480664, "true_KL_P(V)": 0.0009158089088344232, "dat_KL_P(V)": 0.0006035543159480664}