{"total_true_KL": 0.0004894020044725698, "total_dat_KL": 0.00020098409750507788, "true_KL_P(V)": 0.0004894020044725698, "dat_KL_P(V)": 0.00020098409750507788}