{"total_true_KL": 0.2040324093583236, "total_dat_KL": 0.18053163679933498, "true_KL_P(V)": 0.2040324093583236, "dat_KL_P(V)": 0.18053163679933498}