{"total_true_KL": 0.0054116090383353, "total_dat_KL": 0.0034541066620001806, "true_KL_P(V)": 0.0054116090383353, "dat_KL_P(V)": 0.0034541066620001806}