{"total_true_KL": 0.00680963048277305, "total_dat_KL": 0.00533758106279826, "true_KL_P(V)": 0.00680963048277305, "dat_KL_P(V)": 0.00533758106279826}