{"total_true_KL": 0.0006997803224754918, "total_dat_KL": 0.00019003300672793553, "true_KL_P(V)": 0.0006997803224754918, "dat_KL_P(V)": 0.00019003300672793553}