{"total_true_KL": 0.001622031665539484, "total_dat_KL": 0.0005982935315609512, "true_KL_P(V)": 0.001622031665539484, "dat_KL_P(V)": 0.0005982935315609512}