{"total_true_KL": 0.005280308172827153, "total_dat_KL": 0.005653170804434886, "true_KL_P(V)": 0.005280308172827153, "dat_KL_P(V)": 0.005653170804434886}