{"total_true_KL": 0.0036454394706064777, "total_dat_KL": 0.002053881728084274, "true_KL_P(V)": 0.0036454394706064777, "dat_KL_P(V)": 0.002053881728084274}