{"total_true_KL": 0.20342319007369902, "total_dat_KL": 0.20491261049641793, "true_KL_P(V)": 0.20342319007369902, "dat_KL_P(V)": 0.20491261049641793}