{"total_true_KL": 0.0014490753509946185, "total_dat_KL": 0.00149952138839546, "true_KL_P(V)": 0.0014490753509946185, "dat_KL_P(V)": 0.00149952138839546}