{"total_true_KL": 0.0011399548787435643, "total_dat_KL": 0.0006835935285001773, "true_KL_P(V)": 0.0011399548787435643, "dat_KL_P(V)": 0.0006835935285001773}