{"total_true_KL": 0.004780518723822945, "total_dat_KL": 0.00404514476520338, "true_KL_P(V)": 0.004780518723822945, "dat_KL_P(V)": 0.00404514476520338}