{"total_true_KL": 0.001973709217912108, "total_dat_KL": 0.00264155099918658, "true_KL_P(V)": 0.001973709217912108, "dat_KL_P(V)": 0.00264155099918658}