{"total_true_KL": 0.0006376262719138408, "total_dat_KL": 0.0006017423604469885, "true_KL_P(V)": 0.0006376262719138408, "dat_KL_P(V)": 0.0006017423604469885}