{"total_true_KL": 0.00463944985102299, "total_dat_KL": 0.0046531481256235855, "true_KL_P(V)": 0.00463944985102299, "dat_KL_P(V)": 0.0046531481256235855}