{"total_true_KL": 0.19839510773816332, "total_dat_KL": 0.21093958458904305, "true_KL_P(V)": 0.19839510773816332, "dat_KL_P(V)": 0.21093958458904305}