{"total_true_KL": 0.00541094791721982, "total_dat_KL": 0.00445214916686696, "true_KL_P(V)": 0.00541094791721982, "dat_KL_P(V)": 0.00445214916686696}