{"total_true_KL": 0.0005631224160306501, "total_dat_KL": 0.0006109708281423157, "true_KL_P(V)": 0.0005631224160306501, "dat_KL_P(V)": 0.0006109708281423157}