{"total_true_KL": 0.014631350850488414, "total_dat_KL": 0.014301423921930779, "true_KL_P(V)": 0.014631350850488414, "dat_KL_P(V)": 0.014301423921930779}