{"total_true_KL": 0.0008313870086110022, "total_dat_KL": 0.0008746371463262416, "true_KL_P(V)": 0.0008313870086110022, "dat_KL_P(V)": 0.0008746371463262416}