{"total_true_KL": 0.0002466317459975044, "total_dat_KL": 0.00030275704090944365, "true_KL_P(V)": 0.0002466317459975044, "dat_KL_P(V)": 0.00030275704090944365}