{"total_true_KL": 0.008621799999758817, "total_dat_KL": 0.008546220716228285, "true_KL_P(V)": 0.008621799999758817, "dat_KL_P(V)": 0.008546220716228285}