{"total_true_KL": 0.007218804229332665, "total_dat_KL": 0.006989964999826145, "true_KL_P(V)": 0.007218804229332665, "dat_KL_P(V)": 0.006989964999826145}