{"total_true_KL": 0.0003273656006268352, "total_dat_KL": 0.00028320576770806197, "true_KL_P(V)": 0.0003273656006268352, "dat_KL_P(V)": 0.00028320576770806197}