{"total_true_KL": 0.00593077130363031, "total_dat_KL": 0.005191408940635106, "true_KL_P(V)": 0.00593077130363031, "dat_KL_P(V)": 0.005191408940635106}