{"total_true_KL": 0.42003326201838004, "total_dat_KL": 0.41737942927228266, "true_KL_P(V)": 0.42003326201838004, "dat_KL_P(V)": 0.41737942927228266}