{"total_true_KL": 0.005828206741765866, "total_dat_KL": 0.005402278390485216, "true_KL_P(V)": 0.005828206741765866, "dat_KL_P(V)": 0.005402278390485216}