{"total_true_KL": 0.0037956467574980675, "total_dat_KL": 0.0037119739256766503, "true_KL_P(V)": 0.0037956467574980675, "dat_KL_P(V)": 0.0037119739256766503}