{"total_true_KL": 0.0006498618425146759, "total_dat_KL": 0.0013739415338863536, "true_KL_P(V)": 0.0006498618425146759, "dat_KL_P(V)": 0.0013739415338863536}