{"total_true_KL": 0.003223764123607336, "total_dat_KL": 0.00218017805767966, "true_KL_P(V)": 0.003223764123607336, "dat_KL_P(V)": 0.00218017805767966}