{"total_true_KL": 0.00016645032860445187, "total_dat_KL": 0.0003245328973104514, "true_KL_P(V)": 0.00016645032860445187, "dat_KL_P(V)": 0.0003245328973104514}