{"total_true_KL": 0.001804624865285362, "total_dat_KL": 0.0006103813168659789, "true_KL_P(V)": 0.001804624865285362, "dat_KL_P(V)": 0.0006103813168659789}