{"total_true_KL": 0.0021375885197464587, "total_dat_KL": 0.003426135504839346, "true_KL_P(V)": 0.0021375885197464587, "dat_KL_P(V)": 0.003426135504839346}