{"total_true_KL": 0.0006500574243970235, "total_dat_KL": 0.00041037818829122927, "true_KL_P(V)": 0.0006500574243970235, "dat_KL_P(V)": 0.00041037818829122927}