{"total_true_KL": 0.0021682188563139923, "total_dat_KL": 0.0010799673473194634, "true_KL_P(V)": 0.0021682188563139923, "dat_KL_P(V)": 0.0010799673473194634}