{"total_true_KL": 0.00034614947404688293, "total_dat_KL": 0.0002264517645012027, "true_KL_P(V)": 0.00034614947404688293, "dat_KL_P(V)": 0.0002264517645012027}