{"total_true_KL": 0.017561073893096902, "total_dat_KL": 0.01777302734271793, "true_KL_P(V)": 0.017561073893096902, "dat_KL_P(V)": 0.01777302734271793}