{"total_true_KL": 0.002227267630970215, "total_dat_KL": 0.0017531370324588838, "true_KL_P(V)": 0.002227267630970215, "dat_KL_P(V)": 0.0017531370324588838}