{"total_true_KL": 0.0003743311487489683, "total_dat_KL": 0.0005797389638132261, "true_KL_P(V)": 0.0003743311487489683, "dat_KL_P(V)": 0.0005797389638132261}