{"total_true_KL": 0.31914988927588883, "total_dat_KL": 0.32054346311006204, "true_KL_P(V)": 0.31914988927588883, "dat_KL_P(V)": 0.32054346311006204}