{"total_true_KL": 0.006131590906632853, "total_dat_KL": 0.006756290628295298, "true_KL_P(V)": 0.006131590906632853, "dat_KL_P(V)": 0.006756290628295298}