{"total_true_KL": 0.001360697357107316, "total_dat_KL": 0.0011601076872113343, "true_KL_P(V)": 0.001360697357107316, "dat_KL_P(V)": 0.0011601076872113343}