{"total_true_KL": 0.004897330754543128, "total_dat_KL": 0.004400160544631784, "true_KL_P(V)": 0.004897330754543128, "dat_KL_P(V)": 0.004400160544631784}