{"total_true_KL": 0.0006226532459892914, "total_dat_KL": 0.0005621799611791594, "true_KL_P(V)": 0.0006226532459892914, "dat_KL_P(V)": 0.0005621799611791594}