{"total_true_KL": 0.007601590786691119, "total_dat_KL": 0.011165351710491295, "true_KL_P(V)": 0.007601590786691119, "dat_KL_P(V)": 0.011165351710491295}