{"total_true_KL": 0.0013227172381046447, "total_dat_KL": 0.0004448771276547711, "true_KL_P(V)": 0.0013227172381046447, "dat_KL_P(V)": 0.0004448771276547711}