{"total_true_KL": 0.0010674210945039349, "total_dat_KL": 0.0009618091511401155, "true_KL_P(V)": 0.0010674210945039349, "dat_KL_P(V)": 0.0009618091511401155}