{"total_true_KL": 0.001607841336886115, "total_dat_KL": 0.0018749394621517743, "true_KL_P(V)": 0.001607841336886115, "dat_KL_P(V)": 0.0018749394621517743}