{"total_true_KL": 0.041460720886240185, "total_dat_KL": 0.04544728625107461, "true_KL_P(V)": 0.041460720886240185, "dat_KL_P(V)": 0.04544728625107461}