{"total_true_KL": 0.0027893068241998387, "total_dat_KL": 0.003333908200109627, "true_KL_P(V)": 0.0027893068241998387, "dat_KL_P(V)": 0.003333908200109627}