{"total_true_KL": 0.004341090921265445, "total_dat_KL": 0.00261913795301397, "true_KL_P(V)": 0.004341090921265445, "dat_KL_P(V)": 0.00261913795301397}