{"total_true_KL": 0.0003640184040705364, "total_dat_KL": 0.0010012196673356774, "true_KL_P(V)": 0.0003640184040705364, "dat_KL_P(V)": 0.0010012196673356774}