{"total_true_KL": 4.668084039305073e-05, "total_dat_KL": 7.329360681860068e-06, "true_KL_P(V)": 4.668084039305073e-05, "dat_KL_P(V)": 7.329360681860068e-06}