{"total_true_KL": 0.0025997526825440927, "total_dat_KL": 0.0034041355285293427, "true_KL_P(V)": 0.0025997526825440927, "dat_KL_P(V)": 0.0034041355285293427}