{"total_true_KL": 0.0004972872224672745, "total_dat_KL": 0.0006543719450259335, "true_KL_P(V)": 0.0004972872224672745, "dat_KL_P(V)": 0.0006543719450259335}