{"total_true_KL": 0.0016401887389195019, "total_dat_KL": 0.00194932113841595, "true_KL_P(V)": 0.0016401887389195019, "dat_KL_P(V)": 0.00194932113841595}