{"total_true_KL": 0.0003639714222157496, "total_dat_KL": 0.0002645766684425451, "true_KL_P(V)": 0.0003639714222157496, "dat_KL_P(V)": 0.0002645766684425451}