{"total_true_KL": 0.0025394445897319318, "total_dat_KL": 0.002120903571257611, "true_KL_P(V)": 0.0025394445897319318, "dat_KL_P(V)": 0.002120903571257611}