{"total_true_KL": 0.002131141556282732, "total_dat_KL": 0.0033347306499696885, "true_KL_P(V)": 0.002131141556282732, "dat_KL_P(V)": 0.0033347306499696885}