{"total_true_KL": 0.0011593930194193753, "total_dat_KL": 0.0018205333453662738, "true_KL_P(V)": 0.0011593930194193753, "dat_KL_P(V)": 0.0018205333453662738}