{"total_true_KL": 0.003120984325377038, "total_dat_KL": 0.0029684527075855803, "true_KL_P(V)": 0.003120984325377038, "dat_KL_P(V)": 0.0029684527075855803}