{"total_true_KL": 0.0012116504610425339, "total_dat_KL": 0.001299248422391805, "true_KL_P(V)": 0.0012116504610425339, "dat_KL_P(V)": 0.001299248422391805}