{"total_true_KL": 0.011304646272946077, "total_dat_KL": 0.012879313103356953, "true_KL_P(V)": 0.011304646272946077, "dat_KL_P(V)": 0.012879313103356953}