{"total_true_KL": 0.0005226736973632231, "total_dat_KL": 0.0002553865260084354, "true_KL_P(V)": 0.0005226736973632231, "dat_KL_P(V)": 0.0002553865260084354}