{"total_true_KL": 2.732230895982083, "total_dat_KL": 2.751983735197929, "true_KL_P(V)": 2.732230895982083, "dat_KL_P(V)": 2.751983735197929}