{"total_true_KL": 0.007246050381967038, "total_dat_KL": 0.00469287958690227, "true_KL_P(V)": 0.007246050381967038, "dat_KL_P(V)": 0.00469287958690227}