{"total_true_KL": 0.014659388781452048, "total_dat_KL": 0.014018008977130753, "true_KL_P(V)": 0.014659388781452048, "dat_KL_P(V)": 0.014018008977130753}