{"total_true_KL": 0.0004738679859147372, "total_dat_KL": 0.00037719008813429274, "true_KL_P(V)": 0.0004738679859147372, "dat_KL_P(V)": 0.00037719008813429274}