{"total_true_KL": 0.005655556791010485, "total_dat_KL": 0.006300441843851477, "true_KL_P(V)": 0.005655556791010485, "dat_KL_P(V)": 0.006300441843851477}