{"total_true_KL": 0.00092988378107965, "total_dat_KL": 0.000699699868462007, "true_KL_P(V)": 0.00092988378107965, "dat_KL_P(V)": 0.000699699868462007}