{"total_true_KL": 0.0012541414519000099, "total_dat_KL": 0.0010687900344511347, "true_KL_P(V)": 0.0012541414519000099, "dat_KL_P(V)": 0.0010687900344511347}