{"total_true_KL": 0.001365254091833282, "total_dat_KL": 0.0020251804589547836, "true_KL_P(V)": 0.001365254091833282, "dat_KL_P(V)": 0.0020251804589547836}