{"total_true_KL": 0.0015524806226201882, "total_dat_KL": 0.0006670130685886796, "true_KL_P(V)": 0.0015524806226201882, "dat_KL_P(V)": 0.0006670130685886796}