{"total_true_KL": 0.003250181648404212, "total_dat_KL": 0.002231125165111104, "true_KL_P(V)": 0.003250181648404212, "dat_KL_P(V)": 0.002231125165111104}