{"total_true_KL": 0.006673167686986649, "total_dat_KL": 0.004321003675966292, "true_KL_P(V)": 0.006673167686986649, "dat_KL_P(V)": 0.004321003675966292}