{"total_true_KL": 0.41710553744649354, "total_dat_KL": 0.41294294907659423, "true_KL_P(V)": 0.41710553744649354, "dat_KL_P(V)": 0.41294294907659423}