{"total_true_KL": 0.003059785761874826, "total_dat_KL": 0.002900658241428041, "true_KL_P(V)": 0.003059785761874826, "dat_KL_P(V)": 0.002900658241428041}