{"total_true_KL": 0.0005696060616316093, "total_dat_KL": 0.0008635037513711817, "true_KL_P(V)": 0.0005696060616316093, "dat_KL_P(V)": 0.0008635037513711817}