{"total_true_KL": 0.0034968228723708146, "total_dat_KL": 0.0037735302938142687, "true_KL_P(V)": 0.0034968228723708146, "dat_KL_P(V)": 0.0037735302938142687}