{"total_true_KL": 0.24386611291511234, "total_dat_KL": 0.24495706892640853, "true_KL_P(V)": 0.24386611291511234, "dat_KL_P(V)": 0.24495706892640853}