{"total_true_KL": 0.0005645634942873816, "total_dat_KL": 0.0005615279000315831, "true_KL_P(V)": 0.0005645634942873816, "dat_KL_P(V)": 0.0005615279000315831}