{"total_true_KL": 0.0035596051504636905, "total_dat_KL": 0.003222671213226518, "true_KL_P(V)": 0.0035596051504636905, "dat_KL_P(V)": 0.003222671213226518}