{"total_true_KL": 0.0002257983253119676, "total_dat_KL": 0.0003835833197247643, "true_KL_P(V)": 0.0002257983253119676, "dat_KL_P(V)": 0.0003835833197247643}