{"total_true_KL": 0.001455595519212309, "total_dat_KL": 0.0009107885754863132, "true_KL_P(V)": 0.001455595519212309, "dat_KL_P(V)": 0.0009107885754863132}