{"total_true_KL": 0.0068208320077595315, "total_dat_KL": 0.004532306909724837, "true_KL_P(V)": 0.0068208320077595315, "dat_KL_P(V)": 0.004532306909724837}