{"total_true_KL": 0.001559761277440154, "total_dat_KL": 0.0009255865956640987, "true_KL_P(V)": 0.001559761277440154, "dat_KL_P(V)": 0.0009255865956640987}