{"total_true_KL": 0.0013586072051808302, "total_dat_KL": 0.000505821234861056, "true_KL_P(V)": 0.0013586072051808302, "dat_KL_P(V)": 0.000505821234861056}