{"total_true_KL": 0.0009023287313176323, "total_dat_KL": 0.0008232027629959731, "true_KL_P(V)": 0.0009023287313176323, "dat_KL_P(V)": 0.0008232027629959731}