{"total_true_KL": 0.0020304333312991044, "total_dat_KL": 0.001722739492360504, "true_KL_P(V)": 0.0020304333312991044, "dat_KL_P(V)": 0.001722739492360504}