{"total_true_KL": 0.00123322456829595, "total_dat_KL": 0.0011882453834238301, "true_KL_P(V)": 0.00123322456829595, "dat_KL_P(V)": 0.0011882453834238301}