{"total_true_KL": 0.0002696223470436132, "total_dat_KL": 0.000327416678189695, "true_KL_P(V)": 0.0002696223470436132, "dat_KL_P(V)": 0.000327416678189695}