{"total_true_KL": 0.0014155069444367705, "total_dat_KL": 0.0010676489770108741, "true_KL_P(V)": 0.0014155069444367705, "dat_KL_P(V)": 0.0010676489770108741}