{"total_true_KL": 0.008154813988185919, "total_dat_KL": 0.006811145073197061, "true_KL_P(V)": 0.008154813988185919, "dat_KL_P(V)": 0.006811145073197061}