{"total_true_KL": 0.0017557738724797833, "total_dat_KL": 0.001573865650942436, "true_KL_P(V)": 0.0017557738724797833, "dat_KL_P(V)": 0.001573865650942436}