{"total_true_KL": 0.019964613092978048, "total_dat_KL": 0.020387398354719317, "true_KL_P(V)": 0.019964613092978048, "dat_KL_P(V)": 0.020387398354719317}