{"total_true_KL": 0.00780978427286531, "total_dat_KL": 0.008315138151406692, "true_KL_P(V)": 0.00780978427286531, "dat_KL_P(V)": 0.008315138151406692}