{"total_true_KL": 0.0012484514079868225, "total_dat_KL": 0.0008192802800322998, "true_KL_P(V)": 0.0012484514079868225, "dat_KL_P(V)": 0.0008192802800322998}