{"total_true_KL": 0.006575770597830344, "total_dat_KL": 0.00495067065833924, "true_KL_P(V)": 0.006575770597830344, "dat_KL_P(V)": 0.00495067065833924}