{"total_true_KL": 8.922354340877093e-05, "total_dat_KL": 0.00043233998967723893, "true_KL_P(V)": 8.922354340877093e-05, "dat_KL_P(V)": 0.00043233998967723893}