{"total_true_KL": 0.0007748737147215143, "total_dat_KL": 0.0004945451425937188, "true_KL_P(V)": 0.0007748737147215143, "dat_KL_P(V)": 0.0004945451425937188}