{"total_true_KL": 0.00445310473648361, "total_dat_KL": 0.004989653130039105, "true_KL_P(V)": 0.00445310473648361, "dat_KL_P(V)": 0.004989653130039105}