{"total_true_KL": 0.0012198699130940471, "total_dat_KL": 0.0007616837397308512, "true_KL_P(V)": 0.0012198699130940471, "dat_KL_P(V)": 0.0007616837397308512}