{"total_true_KL": 0.007463018988894811, "total_dat_KL": 0.005481359616514873, "true_KL_P(V)": 0.007463018988894811, "dat_KL_P(V)": 0.005481359616514873}