{"total_true_KL": 0.0024173821940479227, "total_dat_KL": 0.0008608988645983327, "true_KL_P(V)": 0.0024173821940479227, "dat_KL_P(V)": 0.0008608988645983327}