{"total_true_KL": 0.002482539594073312, "total_dat_KL": 0.0024736695249352528, "true_KL_P(V)": 0.002482539594073312, "dat_KL_P(V)": 0.0024736695249352528}