{"total_true_KL": 0.003410834617410676, "total_dat_KL": 0.002615322784098322, "true_KL_P(V)": 0.003410834617410676, "dat_KL_P(V)": 0.002615322784098322}