{"total_true_KL": 0.003695676306252573, "total_dat_KL": 0.004923582855159106, "true_KL_P(V)": 0.003695676306252573, "dat_KL_P(V)": 0.004923582855159106}