{"total_true_KL": 0.00037326432316030396, "total_dat_KL": 0.00015289262833419887, "true_KL_P(V)": 0.00037326432316030396, "dat_KL_P(V)": 0.00015289262833419887}