{"total_true_KL": 0.0008654703422216956, "total_dat_KL": 0.001747972129606352, "true_KL_P(V)": 0.0008654703422216956, "dat_KL_P(V)": 0.001747972129606352}