{"total_true_KL": 0.0009193648355727251, "total_dat_KL": 0.0003648575061071293, "true_KL_P(V)": 0.0009193648355727251, "dat_KL_P(V)": 0.0003648575061071293}