{"total_true_KL": 0.003904382605308048, "total_dat_KL": 0.0029709571972659464, "true_KL_P(V)": 0.003904382605308048, "dat_KL_P(V)": 0.0029709571972659464}