{"total_true_KL": 0.03036786337725179, "total_dat_KL": 0.03155618563403073, "true_KL_P(V)": 0.03036786337725179, "dat_KL_P(V)": 0.03155618563403073}