{"total_true_KL": 0.000805061942396869, "total_dat_KL": 0.00042384565119936646, "true_KL_P(V)": 0.000805061942396869, "dat_KL_P(V)": 0.00042384565119936646}