{"total_true_KL": 0.0022411535720040093, "total_dat_KL": 0.0021620997243605826, "true_KL_P(V)": 0.0022411535720040093, "dat_KL_P(V)": 0.0021620997243605826}