{"total_true_KL": 0.005958802555085289, "total_dat_KL": 0.004655073984684448, "true_KL_P(V)": 0.005958802555085289, "dat_KL_P(V)": 0.004655073984684448}