{"total_true_KL": 0.0006787990053289811, "total_dat_KL": 0.0006499234724082394, "true_KL_P(V)": 0.0006787990053289811, "dat_KL_P(V)": 0.0006499234724082394}