{"total_true_KL": 0.0019472986745019925, "total_dat_KL": 0.0016471655236799131, "true_KL_P(V)": 0.0019472986745019925, "dat_KL_P(V)": 0.0016471655236799131}