{"total_true_KL": 0.005001719396816048, "total_dat_KL": 0.005140674742311429, "true_KL_P(V)": 0.005001719396816048, "dat_KL_P(V)": 0.005140674742311429}