{"total_true_KL": 0.010206039134827365, "total_dat_KL": 0.009624819279736994, "true_KL_P(V)": 0.010206039134827365, "dat_KL_P(V)": 0.009624819279736994}