{"total_true_KL": 0.00036159352872590345, "total_dat_KL": 0.00020088312378185966, "true_KL_P(V)": 0.00036159352872590345, "dat_KL_P(V)": 0.00020088312378185966}