{"total_true_KL": 0.0004528324643149548, "total_dat_KL": 0.00026595017084094473, "true_KL_P(V)": 0.0004528324643149548, "dat_KL_P(V)": 0.00026595017084094473}