{"total_true_KL": 0.19542930721563123, "total_dat_KL": 0.1966812920948918, "true_KL_P(V)": 0.19542930721563123, "dat_KL_P(V)": 0.1966812920948918}