{"total_true_KL": 0.09219357632641925, "total_dat_KL": 0.08587243066669781, "true_KL_P(V)": 0.09219357632641925, "dat_KL_P(V)": 0.08587243066669781}