{"total_true_KL": 0.00385198865816426, "total_dat_KL": 0.003626541233482033, "true_KL_P(V)": 0.00385198865816426, "dat_KL_P(V)": 0.003626541233482033}