{"total_true_KL": 0.005040345855097815, "total_dat_KL": 0.004965872772869168, "true_KL_P(V)": 0.005040345855097815, "dat_KL_P(V)": 0.004965872772869168}