{"total_true_KL": 0.20724363021232217, "total_dat_KL": 0.20846541704638422, "true_KL_P(V)": 0.20724363021232217, "dat_KL_P(V)": 0.20846541704638422}