{"total_true_KL": 0.0013688753718461774, "total_dat_KL": 0.0010839640441855508, "true_KL_P(V)": 0.0013688753718461774, "dat_KL_P(V)": 0.0010839640441855508}