{"total_true_KL": 0.0010493896346622437, "total_dat_KL": 0.0013777225707108346, "true_KL_P(V)": 0.0010493896346622437, "dat_KL_P(V)": 0.0013777225707108346}