{"total_true_KL": 0.0066733083734082065, "total_dat_KL": 0.006729160855252998, "true_KL_P(V)": 0.0066733083734082065, "dat_KL_P(V)": 0.006729160855252998}