{"total_true_KL": 0.00037257803272748753, "total_dat_KL": 0.0003516487693763018, "true_KL_P(V)": 0.00037257803272748753, "dat_KL_P(V)": 0.0003516487693763018}