{"total_true_KL": 0.027339885547459246, "total_dat_KL": 0.02534342668614633, "true_KL_P(V)": 0.027339885547459246, "dat_KL_P(V)": 0.02534342668614633}