{"total_true_KL": 0.08412672639919774, "total_dat_KL": 0.08685568091115661, "true_KL_P(V)": 0.08412672639919774, "dat_KL_P(V)": 0.08685568091115661}