{"total_true_KL": 0.19978240710502976, "total_dat_KL": 0.2005300183722374, "true_KL_P(V)": 0.19978240710502976, "dat_KL_P(V)": 0.2005300183722374}