{"total_true_KL": 0.008093254974330449, "total_dat_KL": 0.008663573424167672, "true_KL_P(V)": 0.008093254974330449, "dat_KL_P(V)": 0.008663573424167672}