{"total_true_KL": 0.0003265470968149293, "total_dat_KL": 0.0004916120012927938, "true_KL_P(V)": 0.0003265470968149293, "dat_KL_P(V)": 0.0004916120012927938}