{"total_true_KL": 0.13360372062732956, "total_dat_KL": 0.1368597897977979, "true_KL_P(V)": 0.13360372062732956, "dat_KL_P(V)": 0.1368597897977979}