{"total_true_KL": 0.004006857735839953, "total_dat_KL": 0.0027021437234894382, "true_KL_P(V)": 0.004006857735839953, "dat_KL_P(V)": 0.0027021437234894382}