{"total_true_KL": 8.483541751430623e-05, "total_dat_KL": 8.415955937260216e-05, "true_KL_P(V)": 8.483541751430623e-05, "dat_KL_P(V)": 8.415955937260216e-05}