{"total_true_KL": 0.02125249037292405, "total_dat_KL": 0.020363312079164354, "true_KL_P(V)": 0.02125249037292405, "dat_KL_P(V)": 0.020363312079164354}