{"total_true_KL": 0.007179442248080894, "total_dat_KL": 0.0061417097477248165, "true_KL_P(V)": 0.007179442248080894, "dat_KL_P(V)": 0.0061417097477248165}