{"total_true_KL": 0.0004152890390502831, "total_dat_KL": 0.0002552250747428642, "true_KL_P(V)": 0.0004152890390502831, "dat_KL_P(V)": 0.0002552250747428642}