{"total_true_KL": 0.0014013481872921394, "total_dat_KL": 0.0016408038690754363, "true_KL_P(V)": 0.0014013481872921394, "dat_KL_P(V)": 0.0016408038690754363}