{"total_true_KL": 0.08906137432103978, "total_dat_KL": 0.09830962116874845, "true_KL_P(V)": 0.08906137432103978, "dat_KL_P(V)": 0.09830962116874845}