{"total_true_KL": 0.0006738820436091413, "total_dat_KL": 0.0006284622054218859, "true_KL_P(V)": 0.0006738820436091413, "dat_KL_P(V)": 0.0006284622054218859}