{"total_true_KL": 0.0013360461528473516, "total_dat_KL": 0.0009233298661208899, "true_KL_P(V)": 0.0013360461528473516, "dat_KL_P(V)": 0.0009233298661208899}