{"total_true_KL": 0.03845881187248611, "total_dat_KL": 0.03815200677704257, "true_KL_P(V)": 0.03845881187248611, "dat_KL_P(V)": 0.03815200677704257}