{"total_true_KL": 0.0032524489596568607, "total_dat_KL": 0.0032885047636846947, "true_KL_P(V)": 0.0032524489596568607, "dat_KL_P(V)": 0.0032885047636846947}