{"total_true_KL": 0.001728789460915408, "total_dat_KL": 0.0008262169859658839, "true_KL_P(V)": 0.001728789460915408, "dat_KL_P(V)": 0.0008262169859658839}