{"total_true_KL": 0.00954859673364424, "total_dat_KL": 0.009128820072352007, "true_KL_P(V)": 0.00954859673364424, "dat_KL_P(V)": 0.009128820072352007}