{"total_true_KL": 0.0026279617218762357, "total_dat_KL": 0.002256281951682655, "true_KL_P(V)": 0.0026279617218762357, "dat_KL_P(V)": 0.002256281951682655}