{"total_true_KL": 0.0008170783415823875, "total_dat_KL": 0.0015101304903595617, "true_KL_P(V)": 0.0008170783415823875, "dat_KL_P(V)": 0.0015101304903595617}