{"total_true_KL": 0.012252081930315087, "total_dat_KL": 0.015154222164448004, "true_KL_P(V)": 0.012252081930315087, "dat_KL_P(V)": 0.015154222164448004}