{"total_true_KL": 0.002700435680882192, "total_dat_KL": 0.0024951206421574, "true_KL_P(V)": 0.002700435680882192, "dat_KL_P(V)": 0.0024951206421574}