{"total_true_KL": 0.007612365912368472, "total_dat_KL": 0.005683178132738578, "true_KL_P(V)": 0.007612365912368472, "dat_KL_P(V)": 0.005683178132738578}