{"total_true_KL": 0.0018230129255714655, "total_dat_KL": 0.0017717196014486528, "true_KL_P(V)": 0.0018230129255714655, "dat_KL_P(V)": 0.0017717196014486528}