{"total_true_KL": 0.002200912443855216, "total_dat_KL": 0.0017819273031811922, "true_KL_P(V)": 0.002200912443855216, "dat_KL_P(V)": 0.0017819273031811922}