{"total_true_KL": 0.2655619749479396, "total_dat_KL": 0.29528207116862576, "true_KL_P(V)": 0.2655619749479396, "dat_KL_P(V)": 0.29528207116862576}