{"total_true_KL": 0.0034759839868195794, "total_dat_KL": 0.0030947850119128102, "true_KL_P(V)": 0.0034759839868195794, "dat_KL_P(V)": 0.0030947850119128102}