{"total_true_KL": 0.003994466714343216, "total_dat_KL": 0.0033749527536074994, "true_KL_P(V)": 0.003994466714343216, "dat_KL_P(V)": 0.0033749527536074994}