{"total_true_KL": 0.0009750844605589531, "total_dat_KL": 0.0013270476634536718, "true_KL_P(V)": 0.0009750844605589531, "dat_KL_P(V)": 0.0013270476634536718}