{"total_true_KL": 0.0129886487458148, "total_dat_KL": 0.011702047941384859, "true_KL_P(V)": 0.0129886487458148, "dat_KL_P(V)": 0.011702047941384859}