{"total_true_KL": 0.0006494889169975267, "total_dat_KL": 0.0006509539570046536, "true_KL_P(V)": 0.0006494889169975267, "dat_KL_P(V)": 0.0006509539570046536}