{"total_true_KL": 0.00022504200834452988, "total_dat_KL": 0.000343924213578475, "true_KL_P(V)": 0.00022504200834452988, "dat_KL_P(V)": 0.000343924213578475}