{"total_true_KL": 0.0007408926662335839, "total_dat_KL": 0.0011182601703459266, "true_KL_P(V)": 0.0007408926662335839, "dat_KL_P(V)": 0.0011182601703459266}