{"total_true_KL": 0.022639427616005806, "total_dat_KL": 0.02130799817970553, "true_KL_P(V)": 0.022639427616005806, "dat_KL_P(V)": 0.02130799817970553}