{"total_true_KL": 0.2967003140803104, "total_dat_KL": 0.2830146559115442, "true_KL_P(V)": 0.2967003140803104, "dat_KL_P(V)": 0.2830146559115442}