{"total_true_KL": 0.0027323284040850944, "total_dat_KL": 0.0018658398346747922, "true_KL_P(V)": 0.0027323284040850944, "dat_KL_P(V)": 0.0018658398346747922}