{"total_true_KL": 0.0042525172488744245, "total_dat_KL": 0.003664509184824025, "true_KL_P(V)": 0.0042525172488744245, "dat_KL_P(V)": 0.003664509184824025}