{"total_true_KL": 0.00642309785168744, "total_dat_KL": 0.004866344962172727, "true_KL_P(V)": 0.00642309785168744, "dat_KL_P(V)": 0.004866344962172727}