{"total_true_KL": 0.006806383112798485, "total_dat_KL": 0.00552544228624997, "true_KL_P(V)": 0.006806383112798485, "dat_KL_P(V)": 0.00552544228624997}