{"total_true_KL": 0.26880916316998643, "total_dat_KL": 0.23740392460487314, "true_KL_P(V)": 0.26880916316998643, "dat_KL_P(V)": 0.23740392460487314}