{"total_true_KL": 0.004264060933544759, "total_dat_KL": 0.004274881518198957, "true_KL_P(V)": 0.004264060933544759, "dat_KL_P(V)": 0.004274881518198957}