{"total_true_KL": 0.0005770321846443709, "total_dat_KL": 0.0002295184806181377, "true_KL_P(V)": 0.0005770321846443709, "dat_KL_P(V)": 0.0002295184806181377}