{"total_true_KL": 3.499394626646415e-05, "total_dat_KL": 0.000331017652745038, "true_KL_P(V)": 3.499394626646415e-05, "dat_KL_P(V)": 0.000331017652745038}