{"total_true_KL": 0.01399441653479248, "total_dat_KL": 0.012240529437769026, "true_KL_P(V)": 0.01399441653479248, "dat_KL_P(V)": 0.012240529437769026}