{"total_true_KL": 0.004861834390199806, "total_dat_KL": 0.005390669100688546, "true_KL_P(V)": 0.004861834390199806, "dat_KL_P(V)": 0.005390669100688546}