{"total_true_KL": 0.0015899999545461805, "total_dat_KL": 0.0011110009389462068, "true_KL_P(V)": 0.0015899999545461805, "dat_KL_P(V)": 0.0011110009389462068}