{"total_true_KL": 0.0015072790063529618, "total_dat_KL": 0.0019316745913026262, "true_KL_P(V)": 0.0015072790063529618, "dat_KL_P(V)": 0.0019316745913026262}