{"total_true_KL": 0.002352649831046343, "total_dat_KL": 0.00169135121597291, "true_KL_P(V)": 0.002352649831046343, "dat_KL_P(V)": 0.00169135121597291}