{"total_true_KL": 0.0011937141192840369, "total_dat_KL": 0.0011687186348172318, "true_KL_P(V)": 0.0011937141192840369, "dat_KL_P(V)": 0.0011687186348172318}