{"total_true_KL": 0.002788608007634783, "total_dat_KL": 0.0017401741230661716, "true_KL_P(V)": 0.002788608007634783, "dat_KL_P(V)": 0.0017401741230661716}