{"total_true_KL": 0.0008021275184356977, "total_dat_KL": 0.00023093674226270743, "true_KL_P(V)": 0.0008021275184356977, "dat_KL_P(V)": 0.00023093674226270743}