{"total_true_KL": 0.0027541625373880482, "total_dat_KL": 0.0020926658345640503, "true_KL_P(V)": 0.0027541625373880482, "dat_KL_P(V)": 0.0020926658345640503}