{"total_true_KL": 0.0015417106024147222, "total_dat_KL": 0.0011369731778338374, "true_KL_P(V)": 0.0015417106024147222, "dat_KL_P(V)": 0.0011369731778338374}