{"total_true_KL": 0.0010297675949937756, "total_dat_KL": 0.0006954489665371277, "true_KL_P(V)": 0.0010297675949937756, "dat_KL_P(V)": 0.0006954489665371277}