{"total_true_KL": 0.0032296907293546343, "total_dat_KL": 0.002471977172742581, "true_KL_P(V)": 0.0032296907293546343, "dat_KL_P(V)": 0.002471977172742581}