{"total_true_KL": 0.0015531710964638082, "total_dat_KL": 0.0014789311529819407, "true_KL_P(V)": 0.0015531710964638082, "dat_KL_P(V)": 0.0014789311529819407}