{"total_true_KL": 0.0071199590100277715, "total_dat_KL": 0.00674852957371185, "true_KL_P(V)": 0.0071199590100277715, "dat_KL_P(V)": 0.00674852957371185}