{"total_true_KL": 0.009683337264321176, "total_dat_KL": 0.010525766771532871, "true_KL_P(V)": 0.009683337264321176, "dat_KL_P(V)": 0.010525766771532871}