{"total_true_KL": 0.002702787223483643, "total_dat_KL": 0.0014313443564923957, "true_KL_P(V)": 0.002702787223483643, "dat_KL_P(V)": 0.0014313443564923957}