{"total_true_KL": 0.005896354544193813, "total_dat_KL": 0.005742655778470178, "true_KL_P(V)": 0.005896354544193813, "dat_KL_P(V)": 0.005742655778470178}