{"total_true_KL": 0.0008802415872964323, "total_dat_KL": 0.0006724620006592717, "true_KL_P(V)": 0.0008802415872964323, "dat_KL_P(V)": 0.0006724620006592717}