{"total_true_KL": 0.006179283137653344, "total_dat_KL": 0.0045305595970567825, "true_KL_P(V)": 0.006179283137653344, "dat_KL_P(V)": 0.0045305595970567825}