{"total_true_KL": 0.004631555412737439, "total_dat_KL": 0.0033026947404212084, "true_KL_P(V)": 0.004631555412737439, "dat_KL_P(V)": 0.0033026947404212084}