{"total_true_KL": 0.005605429952535769, "total_dat_KL": 0.0032479492669198196, "true_KL_P(V)": 0.005605429952535769, "dat_KL_P(V)": 0.0032479492669198196}