{"total_true_KL": 0.04669823674648901, "total_dat_KL": 0.04932959668905107, "true_KL_P(V)": 0.04669823674648901, "dat_KL_P(V)": 0.04932959668905107}