{"total_true_KL": 0.12576908175172885, "total_dat_KL": 0.13109486700324482, "true_KL_P(V)": 0.12576908175172885, "dat_KL_P(V)": 0.13109486700324482}