{"total_true_KL": 0.0017706787708171847, "total_dat_KL": 0.0014414569041084654, "true_KL_P(V)": 0.0017706787708171847, "dat_KL_P(V)": 0.0014414569041084654}