{"total_true_KL": 0.0023219162401285805, "total_dat_KL": 0.0017947130806523388, "true_KL_P(V)": 0.0023219162401285805, "dat_KL_P(V)": 0.0017947130806523388}