{"total_true_KL": 0.0008200746734118095, "total_dat_KL": 0.0006184335449474611, "true_KL_P(V)": 0.0008200746734118095, "dat_KL_P(V)": 0.0006184335449474611}