{"total_true_KL": 0.003730619652256459, "total_dat_KL": 0.0017245928205126503, "true_KL_P(V)": 0.003730619652256459, "dat_KL_P(V)": 0.0017245928205126503}