{"total_true_KL": 0.014202492673670478, "total_dat_KL": 0.012591392995752954, "true_KL_P(V)": 0.014202492673670478, "dat_KL_P(V)": 0.012591392995752954}