{"total_true_KL": 0.15001941868386193, "total_dat_KL": 0.14571971900957797, "true_KL_P(V)": 0.15001941868386193, "dat_KL_P(V)": 0.14571971900957797}