{"total_true_KL": 0.0006588456179175708, "total_dat_KL": 0.0009034809820167144, "true_KL_P(V)": 0.0006588456179175708, "dat_KL_P(V)": 0.0009034809820167144}