{"total_true_KL": 0.00021666833832357374, "total_dat_KL": 0.00024019716760382767, "true_KL_P(V)": 0.00021666833832357374, "dat_KL_P(V)": 0.00024019716760382767}