{"total_true_KL": 0.1798571925955903, "total_dat_KL": 0.16135718219849396, "true_KL_P(V)": 0.1798571925955903, "dat_KL_P(V)": 0.16135718219849396}