{"total_true_KL": 0.15481190365687286, "total_dat_KL": 0.15796330056895924, "true_KL_P(V)": 0.15481190365687286, "dat_KL_P(V)": 0.15796330056895924}