{"total_true_KL": 0.004729398971023681, "total_dat_KL": 0.0053477725808792256, "true_KL_P(V)": 0.004729398971023681, "dat_KL_P(V)": 0.0053477725808792256}