{"total_true_KL": 0.004811263959588531, "total_dat_KL": 0.003554959771061273, "true_KL_P(V)": 0.004811263959588531, "dat_KL_P(V)": 0.003554959771061273}