{"total_true_KL": 0.003283446896043966, "total_dat_KL": 0.0035543848948155427, "true_KL_P(V)": 0.003283446896043966, "dat_KL_P(V)": 0.0035543848948155427}