{"total_true_KL": 0.005909970369724307, "total_dat_KL": 0.004893689986421139, "true_KL_P(V)": 0.005909970369724307, "dat_KL_P(V)": 0.004893689986421139}