{"total_true_KL": 0.0019774485565360097, "total_dat_KL": 0.0012878111198641575, "true_KL_P(V)": 0.0019774485565360097, "dat_KL_P(V)": 0.0012878111198641575}