{"total_true_KL": 6.214931038650562e-05, "total_dat_KL": 9.57387676654483e-05, "true_KL_P(V)": 6.214931038650562e-05, "dat_KL_P(V)": 9.57387676654483e-05}