{"total_true_KL": 0.0014125954946786097, "total_dat_KL": 0.0005535925276005183, "true_KL_P(V)": 0.0014125954946786097, "dat_KL_P(V)": 0.0005535925276005183}