{"total_true_KL": 0.005542612207654507, "total_dat_KL": 0.003819118091271256, "true_KL_P(V)": 0.005542612207654507, "dat_KL_P(V)": 0.003819118091271256}