{"total_true_KL": 0.027672110301831362, "total_dat_KL": 0.022208933923196977, "true_KL_P(V)": 0.027672110301831362, "dat_KL_P(V)": 0.022208933923196977}