{"total_true_KL": 0.00517532394158407, "total_dat_KL": 0.005288153339920464, "true_KL_P(V)": 0.00517532394158407, "dat_KL_P(V)": 0.005288153339920464}