{"total_true_KL": 0.008489147788176858, "total_dat_KL": 0.007118885587942695, "true_KL_P(V)": 0.008489147788176858, "dat_KL_P(V)": 0.007118885587942695}