{"total_true_KL": 0.001063063411260944, "total_dat_KL": 0.0009445109590522139, "true_KL_P(V)": 0.001063063411260944, "dat_KL_P(V)": 0.0009445109590522139}