{"total_true_KL": 0.0033667459682705167, "total_dat_KL": 0.002813229514506445, "true_KL_P(V)": 0.0033667459682705167, "dat_KL_P(V)": 0.002813229514506445}