{"total_true_KL": 0.003345944831364598, "total_dat_KL": 0.004378435132900089, "true_KL_P(V)": 0.003345944831364598, "dat_KL_P(V)": 0.004378435132900089}