{"total_true_KL": 0.0014026434043751814, "total_dat_KL": 0.000971828605851874, "true_KL_P(V)": 0.0014026434043751814, "dat_KL_P(V)": 0.000971828605851874}