{"total_true_KL": 0.008390289530690962, "total_dat_KL": 0.008097513677638385, "true_KL_P(V)": 0.008390289530690962, "dat_KL_P(V)": 0.008097513677638385}