{"total_true_KL": 0.005613102866407245, "total_dat_KL": 0.00502249104620734, "true_KL_P(V)": 0.005613102866407245, "dat_KL_P(V)": 0.00502249104620734}