{"total_true_KL": 0.010793276663103549, "total_dat_KL": 0.01070785796106579, "true_KL_P(V)": 0.010793276663103549, "dat_KL_P(V)": 0.01070785796106579}