{"total_true_KL": 0.001311104148355875, "total_dat_KL": 0.0012950001508924463, "true_KL_P(V)": 0.001311104148355875, "dat_KL_P(V)": 0.0012950001508924463}