{"total_true_KL": 0.001314211729350018, "total_dat_KL": 0.0011303933854287067, "true_KL_P(V)": 0.001314211729350018, "dat_KL_P(V)": 0.0011303933854287067}