{"total_true_KL": 0.0006476839636442566, "total_dat_KL": 0.0006109519887064702, "true_KL_P(V)": 0.0006476839636442566, "dat_KL_P(V)": 0.0006109519887064702}