{"total_true_KL": 0.006937525590751118, "total_dat_KL": 0.0058866517090396635, "true_KL_P(V)": 0.006937525590751118, "dat_KL_P(V)": 0.0058866517090396635}