{"total_true_KL": 0.004073575699404784, "total_dat_KL": 0.003579113779832505, "true_KL_P(V)": 0.004073575699404784, "dat_KL_P(V)": 0.003579113779832505}