{"total_true_KL": 0.003913390335377319, "total_dat_KL": 0.0028801578113624472, "true_KL_P(V)": 0.003913390335377319, "dat_KL_P(V)": 0.0028801578113624472}