{"total_true_KL": 0.03166819648398618, "total_dat_KL": 0.034793615276123534, "true_KL_P(V)": 0.03166819648398618, "dat_KL_P(V)": 0.034793615276123534}