{"total_true_KL": 0.0020045784753974817, "total_dat_KL": 0.0022306288352570286, "true_KL_P(V)": 0.0020045784753974817, "dat_KL_P(V)": 0.0022306288352570286}