{"total_true_KL": 0.0030147857807061103, "total_dat_KL": 0.002951676360621715, "true_KL_P(V)": 0.0030147857807061103, "dat_KL_P(V)": 0.002951676360621715}