{"total_true_KL": 0.0011922391424804245, "total_dat_KL": 0.0011596154562459344, "true_KL_P(V)": 0.0011922391424804245, "dat_KL_P(V)": 0.0011596154562459344}