{"total_true_KL": 0.0019900053552854074, "total_dat_KL": 0.0017425425253262648, "true_KL_P(V)": 0.0019900053552854074, "dat_KL_P(V)": 0.0017425425253262648}