{"total_true_KL": 0.0020614544430283786, "total_dat_KL": 0.00218695222803794, "true_KL_P(V)": 0.0020614544430283786, "dat_KL_P(V)": 0.00218695222803794}