{"total_true_KL": 0.003343613356818556, "total_dat_KL": 0.002748288285104636, "true_KL_P(V)": 0.003343613356818556, "dat_KL_P(V)": 0.002748288285104636}