{"total_true_KL": 0.0005540588377935471, "total_dat_KL": 6.528042475890939e-05, "true_KL_P(V)": 0.0005540588377935471, "dat_KL_P(V)": 6.528042475890939e-05}