{"total_true_KL": 0.0015352672658477473, "total_dat_KL": 0.00046576520728888477, "true_KL_P(V)": 0.0015352672658477473, "dat_KL_P(V)": 0.00046576520728888477}