{"total_true_KL": 0.001128724916625707, "total_dat_KL": 0.0010847119640199371, "true_KL_P(V)": 0.001128724916625707, "dat_KL_P(V)": 0.0010847119640199371}