{"total_true_KL": 0.000605197795421477, "total_dat_KL": 0.0009690806051386117, "true_KL_P(V)": 0.000605197795421477, "dat_KL_P(V)": 0.0009690806051386117}