{"total_true_KL": 0.004959523388127187, "total_dat_KL": 0.004718504263679258, "true_KL_P(V)": 0.004959523388127187, "dat_KL_P(V)": 0.004718504263679258}