{"total_true_KL": 0.027744465978265357, "total_dat_KL": 0.028467731333943917, "true_KL_P(V)": 0.027744465978265357, "dat_KL_P(V)": 0.028467731333943917}