{"total_true_KL": 0.0032334904444258823, "total_dat_KL": 0.0019345878425792936, "true_KL_P(V)": 0.0032334904444258823, "dat_KL_P(V)": 0.0019345878425792936}