{"total_true_KL": 0.002240434297514797, "total_dat_KL": 0.0024158750572246483, "true_KL_P(V)": 0.002240434297514797, "dat_KL_P(V)": 0.0024158750572246483}