{"total_true_KL": 0.004295473749936921, "total_dat_KL": 0.0027840746075997787, "true_KL_P(V)": 0.004295473749936921, "dat_KL_P(V)": 0.0027840746075997787}