{"total_true_KL": 0.002992544198512706, "total_dat_KL": 0.002238983380598275, "true_KL_P(V)": 0.002992544198512706, "dat_KL_P(V)": 0.002238983380598275}