{"total_true_KL": 9.965120814855837e-05, "total_dat_KL": 0.0004994486423391732, "true_KL_P(V)": 9.965120814855837e-05, "dat_KL_P(V)": 0.0004994486423391732}