{"total_true_KL": 0.00019373465784457838, "total_dat_KL": 0.0002806181158398896, "true_KL_P(V)": 0.00019373465784457838, "dat_KL_P(V)": 0.0002806181158398896}