{"total_true_KL": 0.0016751718096064162, "total_dat_KL": 0.0006525161007172563, "true_KL_P(V)": 0.0016751718096064162, "dat_KL_P(V)": 0.0006525161007172563}