{"total_true_KL": 0.0025330784671255867, "total_dat_KL": 0.0028440113914719916, "true_KL_P(V)": 0.0025330784671255867, "dat_KL_P(V)": 0.0028440113914719916}