{"total_true_KL": 0.0006545625733192025, "total_dat_KL": 0.0006749002037913805, "true_KL_P(V)": 0.0006545625733192025, "dat_KL_P(V)": 0.0006749002037913805}