{"total_true_KL": 0.004859598152092887, "total_dat_KL": 0.0031736611333093067, "true_KL_P(V)": 0.004859598152092887, "dat_KL_P(V)": 0.0031736611333093067}