{"total_true_KL": 0.007110405741904278, "total_dat_KL": 0.005295679567070128, "true_KL_P(V)": 0.007110405741904278, "dat_KL_P(V)": 0.005295679567070128}