{"total_true_KL": 0.0003884907505111324, "total_dat_KL": 0.00020684958173344727, "true_KL_P(V)": 0.0003884907505111324, "dat_KL_P(V)": 0.00020684958173344727}