{"total_true_KL": 0.09830493487850872, "total_dat_KL": 0.08316490386568774, "true_KL_P(V)": 0.09830493487850872, "dat_KL_P(V)": 0.08316490386568774}