{"total_true_KL": 0.2094102684506373, "total_dat_KL": 0.20934005066777478, "true_KL_P(V)": 0.2094102684506373, "dat_KL_P(V)": 0.20934005066777478}