{"total_true_KL": 0.0037446112171197797, "total_dat_KL": 0.0027391473345741843, "true_KL_P(V)": 0.0037446112171197797, "dat_KL_P(V)": 0.0027391473345741843}