{"total_true_KL": 0.0007102547941587782, "total_dat_KL": 0.0007000309061009533, "true_KL_P(V)": 0.0007102547941587782, "dat_KL_P(V)": 0.0007000309061009533}