{"total_true_KL": 0.01679564376519821, "total_dat_KL": 0.01692848032099447, "true_KL_P(V)": 0.01679564376519821, "dat_KL_P(V)": 0.01692848032099447}