{"total_true_KL": 0.05773208450873533, "total_dat_KL": 0.05894298701898758, "true_KL_P(V)": 0.05773208450873533, "dat_KL_P(V)": 0.05894298701898758}