{"total_true_KL": 0.0014814182075193784, "total_dat_KL": 0.001498025385621148, "true_KL_P(V)": 0.0014814182075193784, "dat_KL_P(V)": 0.001498025385621148}