{"total_true_KL": 0.0012248868682882635, "total_dat_KL": 0.0004881359413586846, "true_KL_P(V)": 0.0012248868682882635, "dat_KL_P(V)": 0.0004881359413586846}