{"total_true_KL": 0.020609643433006503, "total_dat_KL": 0.02032590602416151, "true_KL_P(V)": 0.020609643433006503, "dat_KL_P(V)": 0.02032590602416151}