{"total_true_KL": 0.0050894598027284715, "total_dat_KL": 0.005300087507803454, "true_KL_P(V)": 0.0050894598027284715, "dat_KL_P(V)": 0.005300087507803454}