{"total_true_KL": 0.0009777376003256453, "total_dat_KL": 0.0014313765554967738, "true_KL_P(V)": 0.0009777376003256453, "dat_KL_P(V)": 0.0014313765554967738}