{"total_true_KL": 0.0012785043791358457, "total_dat_KL": 0.0007615776060151871, "true_KL_P(V)": 0.0012785043791358457, "dat_KL_P(V)": 0.0007615776060151871}