{"total_true_KL": 0.0012269699627875073, "total_dat_KL": 0.0012802087911133043, "true_KL_P(V)": 0.0012269699627875073, "dat_KL_P(V)": 0.0012802087911133043}