{"total_true_KL": 0.003852094804483043, "total_dat_KL": 0.004335996133271959, "true_KL_P(V)": 0.003852094804483043, "dat_KL_P(V)": 0.004335996133271959}