{"total_true_KL": 0.20249114109954133, "total_dat_KL": 0.2036915245551491, "true_KL_P(V)": 0.20249114109954133, "dat_KL_P(V)": 0.2036915245551491}