{"total_true_KL": 0.001127458668857331, "total_dat_KL": 0.0007586798782650264, "true_KL_P(V)": 0.001127458668857331, "dat_KL_P(V)": 0.0007586798782650264}