{"total_true_KL": 0.006033662041183881, "total_dat_KL": 0.004714501805976866, "true_KL_P(V)": 0.006033662041183881, "dat_KL_P(V)": 0.004714501805976866}