{"total_true_KL": 0.0029732013409330777, "total_dat_KL": 0.002438031312471889, "true_KL_P(V)": 0.0029732013409330777, "dat_KL_P(V)": 0.002438031312471889}