{"total_true_KL": 0.13568143556790688, "total_dat_KL": 0.13897675480409605, "true_KL_P(V)": 0.13568143556790688, "dat_KL_P(V)": 0.13897675480409605}