{"total_true_KL": 0.03159093007732115, "total_dat_KL": 0.032373668490389536, "true_KL_P(V)": 0.03159093007732115, "dat_KL_P(V)": 0.032373668490389536}