{"total_true_KL": 0.0003653698854622772, "total_dat_KL": 0.00014761617044630566, "true_KL_P(V)": 0.0003653698854622772, "dat_KL_P(V)": 0.00014761617044630566}