{"total_true_KL": 0.0002861051799393534, "total_dat_KL": 0.0006231569944100124, "true_KL_P(V)": 0.0002861051799393534, "dat_KL_P(V)": 0.0006231569944100124}