{"total_true_KL": 0.0035126516935709367, "total_dat_KL": 0.0012161833179918373, "true_KL_P(V)": 0.0035126516935709367, "dat_KL_P(V)": 0.0012161833179918373}