{"total_true_KL": 0.00037592789065502, "total_dat_KL": 0.00013171485657787645, "true_KL_P(V)": 0.00037592789065502, "dat_KL_P(V)": 0.00013171485657787645}