{"total_true_KL": 0.013248296197104346, "total_dat_KL": 0.01432418678128617, "true_KL_P(V)": 0.013248296197104346, "dat_KL_P(V)": 0.01432418678128617}