{"total_true_KL": 0.10418129491640829, "total_dat_KL": 0.10850422709574456, "true_KL_P(V)": 0.10418129491640829, "dat_KL_P(V)": 0.10850422709574456}