{"total_true_KL": 0.28392189565060616, "total_dat_KL": 0.268402908408391, "true_KL_P(V)": 0.28392189565060616, "dat_KL_P(V)": 0.268402908408391}