{"total_true_KL": 0.009342955247062528, "total_dat_KL": 0.01015933336116037, "true_KL_P(V)": 0.009342955247062528, "dat_KL_P(V)": 0.01015933336116037}