{"total_true_KL": 0.001724457237506652, "total_dat_KL": 0.002082564221055119, "true_KL_P(V)": 0.001724457237506652, "dat_KL_P(V)": 0.002082564221055119}