{"total_true_KL": 8.369234010240003e-05, "total_dat_KL": 5.302359781977038e-05, "true_KL_P(V)": 8.369234010240003e-05, "dat_KL_P(V)": 5.302359781977038e-05}