{"total_true_KL": 0.004020186112553699, "total_dat_KL": 0.006634603018401096, "true_KL_P(V)": 0.004020186112553699, "dat_KL_P(V)": 0.006634603018401096}