{"total_true_KL": 0.0010517382424409909, "total_dat_KL": 0.00030305246034843455, "true_KL_P(V)": 0.0010517382424409909, "dat_KL_P(V)": 0.00030305246034843455}