{"total_true_KL": 0.0007151574546156734, "total_dat_KL": 0.000675581046957488, "true_KL_P(V)": 0.0007151574546156734, "dat_KL_P(V)": 0.000675581046957488}