{"total_true_KL": 0.0002014921290516222, "total_dat_KL": 0.00016734034948147575, "true_KL_P(V)": 0.0002014921290516222, "dat_KL_P(V)": 0.00016734034948147575}