{"total_true_KL": 0.004781061177449869, "total_dat_KL": 0.004769998481533729, "true_KL_P(V)": 0.004781061177449869, "dat_KL_P(V)": 0.004769998481533729}