{"total_true_KL": 0.0037525787539245976, "total_dat_KL": 0.00456259914454488, "true_KL_P(V)": 0.0037525787539245976, "dat_KL_P(V)": 0.00456259914454488}