{"total_true_KL": 0.0011085360775350966, "total_dat_KL": 0.0021810619062828593, "true_KL_P(V)": 0.0011085360775350966, "dat_KL_P(V)": 0.0021810619062828593}