{"total_true_KL": 0.009723152138496293, "total_dat_KL": 0.009940066032352722, "true_KL_P(V)": 0.009723152138496293, "dat_KL_P(V)": 0.009940066032352722}