{"total_true_KL": 0.00500968249710071, "total_dat_KL": 0.005016345855323568, "true_KL_P(V)": 0.00500968249710071, "dat_KL_P(V)": 0.005016345855323568}