{"total_true_KL": 0.00044989100715058395, "total_dat_KL": 0.0003335518294566922, "true_KL_P(V)": 0.00044989100715058395, "dat_KL_P(V)": 0.0003335518294566922}