{"total_true_KL": 0.0025900112670333326, "total_dat_KL": 0.0012309826574430898, "true_KL_P(V)": 0.0025900112670333326, "dat_KL_P(V)": 0.0012309826574430898}