{"total_true_KL": 0.0043628104066567724, "total_dat_KL": 0.0027189392926255268, "true_KL_P(V)": 0.0043628104066567724, "dat_KL_P(V)": 0.0027189392926255268}