{"total_true_KL": 0.004170520574280738, "total_dat_KL": 0.002298310480780035, "true_KL_P(V)": 0.004170520574280738, "dat_KL_P(V)": 0.002298310480780035}