{"total_true_KL": 0.0012789293557628474, "total_dat_KL": 0.0013097695904335197, "true_KL_P(V)": 0.0012789293557628474, "dat_KL_P(V)": 0.0013097695904335197}