{"total_true_KL": 0.003392198058121446, "total_dat_KL": 0.003076223723775851, "true_KL_P(V)": 0.003392198058121446, "dat_KL_P(V)": 0.003076223723775851}