{"total_true_KL": 0.0011210207976733114, "total_dat_KL": 0.0006055080935311605, "true_KL_P(V)": 0.0011210207976733114, "dat_KL_P(V)": 0.0006055080935311605}