{"total_true_KL": 0.03173007680317347, "total_dat_KL": 0.031869683782311725, "true_KL_P(V)": 0.03173007680317347, "dat_KL_P(V)": 0.031869683782311725}