{"total_true_KL": 0.023328737353168212, "total_dat_KL": 0.02023114274464914, "true_KL_P(V)": 0.023328737353168212, "dat_KL_P(V)": 0.02023114274464914}