{"total_true_KL": 0.0003781199373361667, "total_dat_KL": 0.0007199536456731762, "true_KL_P(V)": 0.0003781199373361667, "dat_KL_P(V)": 0.0007199536456731762}