{"total_true_KL": 0.002806779777017444, "total_dat_KL": 0.0032184820504973528, "true_KL_P(V)": 0.002806779777017444, "dat_KL_P(V)": 0.0032184820504973528}