{"total_true_KL": 0.0008425884128815189, "total_dat_KL": 0.00033164640570409586, "true_KL_P(V)": 0.0008425884128815189, "dat_KL_P(V)": 0.00033164640570409586}