{"total_true_KL": 0.005638711138670753, "total_dat_KL": 0.005891941833001957, "true_KL_P(V)": 0.005638711138670753, "dat_KL_P(V)": 0.005891941833001957}