{"total_true_KL": 0.015266768461929453, "total_dat_KL": 0.011737629596563283, "true_KL_P(V)": 0.015266768461929453, "dat_KL_P(V)": 0.011737629596563283}