{"total_true_KL": 0.019335024258497938, "total_dat_KL": 0.022909055456626855, "true_KL_P(V)": 0.019335024258497938, "dat_KL_P(V)": 0.022909055456626855}