{"total_true_KL": 0.0010749744909700452, "total_dat_KL": 0.0005600762418825015, "true_KL_P(V)": 0.0010749744909700452, "dat_KL_P(V)": 0.0005600762418825015}