{"total_true_KL": 0.012503596821006158, "total_dat_KL": 0.013100371073567485, "true_KL_P(V)": 0.012503596821006158, "dat_KL_P(V)": 0.013100371073567485}