{"total_true_KL": 5.0752446518312604e-05, "total_dat_KL": 0.0005344552623647737, "true_KL_P(V)": 5.0752446518312604e-05, "dat_KL_P(V)": 0.0005344552623647737}