{"total_true_KL": 2.563932991920333e-05, "total_dat_KL": 0.0003821336158341122, "true_KL_P(V)": 2.563932991920333e-05, "dat_KL_P(V)": 0.0003821336158341122}