{"total_true_KL": 0.07231140199874866, "total_dat_KL": 0.07421836360379847, "true_KL_P(V)": 0.07231140199874866, "dat_KL_P(V)": 0.07421836360379847}