{"total_true_KL": 0.030136393683738515, "total_dat_KL": 0.028705354842176414, "true_KL_P(V)": 0.030136393683738515, "dat_KL_P(V)": 0.028705354842176414}