{"total_true_KL": 0.00532354136951509, "total_dat_KL": 0.0055007938107156885, "true_KL_P(V)": 0.00532354136951509, "dat_KL_P(V)": 0.0055007938107156885}