{"total_true_KL": 0.0004219939729121127, "total_dat_KL": 0.0002915653662650128, "true_KL_P(V)": 0.0004219939729121127, "dat_KL_P(V)": 0.0002915653662650128}