{"total_true_KL": 0.0011387925789518782, "total_dat_KL": 0.0009329197835088038, "true_KL_P(V)": 0.0011387925789518782, "dat_KL_P(V)": 0.0009329197835088038}