{"total_true_KL": 0.00025230539806991837, "total_dat_KL": 0.00012000969634648083, "true_KL_P(V)": 0.00025230539806991837, "dat_KL_P(V)": 0.00012000969634648083}