{"total_true_KL": 0.002831802318192255, "total_dat_KL": 0.002430620192597259, "true_KL_P(V)": 0.002831802318192255, "dat_KL_P(V)": 0.002430620192597259}