{"total_true_KL": 0.0012024288994591948, "total_dat_KL": 0.00148189817047506, "true_KL_P(V)": 0.0012024288994591948, "dat_KL_P(V)": 0.00148189817047506}