{"total_true_KL": 0.004120818955641112, "total_dat_KL": 0.003101501406304738, "true_KL_P(V)": 0.004120818955641112, "dat_KL_P(V)": 0.003101501406304738}