{"total_true_KL": 0.17160241475725507, "total_dat_KL": 0.15439486610326497, "true_KL_P(V)": 0.17160241475725507, "dat_KL_P(V)": 0.15439486610326497}