{"total_true_KL": 0.3654964992414638, "total_dat_KL": 0.3662577200783978, "true_KL_P(V)": 0.3654964992414638, "dat_KL_P(V)": 0.3662577200783978}