{"total_true_KL": 0.0002871751766856563, "total_dat_KL": 0.0004613689286193587, "true_KL_P(V)": 0.0002871751766856563, "dat_KL_P(V)": 0.0004613689286193587}