{"total_true_KL": 0.008195327126118925, "total_dat_KL": 0.007905000209570807, "true_KL_P(V)": 0.008195327126118925, "dat_KL_P(V)": 0.007905000209570807}