{"total_true_KL": 0.0018976326577786065, "total_dat_KL": 0.0013545350489167583, "true_KL_P(V)": 0.0018976326577786065, "dat_KL_P(V)": 0.0013545350489167583}