{"total_true_KL": 0.015462320162646814, "total_dat_KL": 0.01886171438730619, "true_KL_P(V)": 0.015462320162646814, "dat_KL_P(V)": 0.01886171438730619}