{"total_true_KL": 0.01855454528095963, "total_dat_KL": 0.014313056319599136, "true_KL_P(V)": 0.01855454528095963, "dat_KL_P(V)": 0.014313056319599136}